DATAFLOW,LAST UPDATE,freq,waste,unit,geo,TIME_PERIOD,OBS_VALUE,OBS_FLAG,CONF_STATUS
ESTAT:TEN00063(1.0),21/10/25 23:00:00,Annual,Packaging,Rate (2025 target and onwards),Austria,2012,65.9,,
ESTAT:TEN00063(1.0),21/10/25 23:00:00,Annual,Packaging,Rate (2025 target and onwards),Austria,2013,66.6,,
ESTAT:TEN00063(1.0),21/10/25 23:00:00,Annual,Packaging,Rate (2025 target and onwards),Austria,2014,66.6,,
ESTAT:TEN00063(1.0),21/10/25 23:00:00,Annual,Packaging,Rate (2025 target and onwards),Austria,2015,67.1,,
ESTAT:TEN00063(1.0),21/10/25 23:00:00,Annual,Packaging,Rate (2025 target and onwards),Austria,2016,66.8,,
ESTAT:TEN00063(1.0),21/10/25 23:00:00,Annual,Packaging,Rate (2025 target and onwards),Austria,2017,65.6,,
ESTAT:TEN00063(1.0),21/10/25 23:00:00,Annual,Packaging,Rate (2025 target and onwards),Austria,2018,65.5,,
ESTAT:TEN00063(1.0),21/10/25 23:00:00,Annual,Packaging,Rate (2025 target and onwards),Austria,2019,65.4,,
ESTAT:TEN00063(1.0),21/10/25 23:00:00,Annual,Packaging,Rate (2025 target and onwards),Austria,2020,63.7,,
ESTAT:TEN00063(1.0),21/10/25 23:00:00,Annual,Packaging,Rate (2025 target and onwards),Austria,2021,65.6,,
ESTAT:TEN00063(1.0),21/10/25 23:00:00,Annual,Packaging,Rate (2025 target and onwards),Austria,2022,66.2,,
ESTAT:TEN00063(1.0),21/10/25 23:00:00,Annual,Packaging,Rate (2025 target and onwards),Austria,2023,64.9,,
ESTAT:TEN00063(1.0),21/10/25 23:00:00,Annual,Packaging,Rate (2025 target and onwards),Belgium,2012,80.3,,
ESTAT:TEN00063(1.0),21/10/25 23:00:00,Annual,Packaging,Rate (2025 target and onwards),Belgium,2013,78.7,,
ESTAT:TEN00063(1.0),21/10/25 23:00:00,Annual,Packaging,Rate (2025 target and onwards),Belgium,2014,81.3,,
ESTAT:TEN00063(1.0),21/10/25 23:00:00,Annual,Packaging,Rate (2025 target and onwards),Belgium,2015,81.5,,
ESTAT:TEN00063(1.0),21/10/25 23:00:00,Annual,Packaging,Rate (2025 target and onwards),Belgium,2016,81.9,,
ESTAT:TEN00063(1.0),21/10/25 23:00:00,Annual,Packaging,Rate (2025 target and onwards),Belgium,2017,83.8,,
ESTAT:TEN00063(1.0),21/10/25 23:00:00,Annual,Packaging,Rate (2025 target and onwards),Belgium,2018,85.3,,
ESTAT:TEN00063(1.0),21/10/25 23:00:00,Annual,Packaging,Rate (2025 target and onwards),Belgium,2019,83.5,,
ESTAT:TEN00063(1.0),21/10/25 23:00:00,Annual,Packaging,Rate (2025 target and onwards),Belgium,2020,79.7,,
ESTAT:TEN00063(1.0),21/10/25 23:00:00,Annual,Packaging,Rate (2025 target and onwards),Belgium,2021,80.4,,
ESTAT:TEN00063(1.0),21/10/25 23:00:00,Annual,Packaging,Rate (2025 target and onwards),Belgium,2022,80.4,,
ESTAT:TEN00063(1.0),21/10/25 23:00:00,Annual,Packaging,Rate (2025 target and onwards),Belgium,2023,79.7,,
ESTAT:TEN00063(1.0),21/10/25 23:00:00,Annual,Packaging,Rate (2025 target and onwards),Bulgaria,2012,66.5,,
ESTAT:TEN00063(1.0),21/10/25 23:00:00,Annual,Packaging,Rate (2025 target and onwards),Bulgaria,2013,65.7,,
ESTAT:TEN00063(1.0),21/10/25 23:00:00,Annual,Packaging,Rate (2025 target and onwards),Bulgaria,2014,62,,
ESTAT:TEN00063(1.0),21/10/25 23:00:00,Annual,Packaging,Rate (2025 target and onwards),Bulgaria,2015,64.1,,
ESTAT:TEN00063(1.0),21/10/25 23:00:00,Annual,Packaging,Rate (2025 target and onwards),Bulgaria,2016,63.8,,
ESTAT:TEN00063(1.0),21/10/25 23:00:00,Annual,Packaging,Rate (2025 target and onwards),Bulgaria,2017,65.6,,
ESTAT:TEN00063(1.0),21/10/25 23:00:00,Annual,Packaging,Rate (2025 target and onwards),Bulgaria,2018,60.4,,
ESTAT:TEN00063(1.0),21/10/25 23:00:00,Annual,Packaging,Rate (2025 target and onwards),Bulgaria,2019,61.2,,
ESTAT:TEN00063(1.0),21/10/25 23:00:00,Annual,Packaging,Rate (2025 target and onwards),Bulgaria,2021,57.9,,
ESTAT:TEN00063(1.0),21/10/25 23:00:00,Annual,Packaging,Rate (2025 target and onwards),Bulgaria,2022,58.3,,
ESTAT:TEN00063(1.0),21/10/25 23:00:00,Annual,Packaging,Rate (2025 target and onwards),Cyprus,2012,55.3,e,
ESTAT:TEN00063(1.0),21/10/25 23:00:00,Annual,Packaging,Rate (2025 target and onwards),Cyprus,2013,56.6,,
ESTAT:TEN00063(1.0),21/10/25 23:00:00,Annual,Packaging,Rate (2025 target and onwards),Cyprus,2014,58.7,,
ESTAT:TEN00063(1.0),21/10/25 23:00:00,Annual,Packaging,Rate (2025 target and onwards),Cyprus,2015,59.8,,
ESTAT:TEN00063(1.0),21/10/25 23:00:00,Annual,Packaging,Rate (2025 target and onwards),Cyprus,2016,64.6,,
ESTAT:TEN00063(1.0),21/10/25 23:00:00,Annual,Packaging,Rate (2025 target and onwards),Cyprus,2017,66.2,,
ESTAT:TEN00063(1.0),21/10/25 23:00:00,Annual,Packaging,Rate (2025 target and onwards),Cyprus,2018,70.2,,
ESTAT:TEN00063(1.0),21/10/25 23:00:00,Annual,Packaging,Rate (2025 target and onwards),Cyprus,2019,66.8,,
ESTAT:TEN00063(1.0),21/10/25 23:00:00,Annual,Packaging,Rate (2025 target and onwards),Cyprus,2020,59.9,e,
ESTAT:TEN00063(1.0),21/10/25 23:00:00,Annual,Packaging,Rate (2025 target and onwards),Cyprus,2021,58.7,be,
ESTAT:TEN00063(1.0),21/10/25 23:00:00,Annual,Packaging,Rate (2025 target and onwards),Cyprus,2022,69.5,be,
ESTAT:TEN00063(1.0),21/10/25 23:00:00,Annual,Packaging,Rate (2025 target and onwards),Czechia,2012,69.9,,
ESTAT:TEN00063(1.0),21/10/25 23:00:00,Annual,Packaging,Rate (2025 target and onwards),Czechia,2013,69.9,,
ESTAT:TEN00063(1.0),21/10/25 23:00:00,Annual,Packaging,Rate (2025 target and onwards),Czechia,2014,73,,
ESTAT:TEN00063(1.0),21/10/25 23:00:00,Annual,Packaging,Rate (2025 target and onwards),Czechia,2015,74.3,,
ESTAT:TEN00063(1.0),21/10/25 23:00:00,Annual,Packaging,Rate (2025 target and onwards),Czechia,2016,75.3,,
ESTAT:TEN00063(1.0),21/10/25 23:00:00,Annual,Packaging,Rate (2025 target and onwards),Czechia,2017,72.3,,
ESTAT:TEN00063(1.0),21/10/25 23:00:00,Annual,Packaging,Rate (2025 target and onwards),Czechia,2018,69.6,,
ESTAT:TEN00063(1.0),21/10/25 23:00:00,Annual,Packaging,Rate (2025 target and onwards),Czechia,2019,71.2,,
ESTAT:TEN00063(1.0),21/10/25 23:00:00,Annual,Packaging,Rate (2025 target and onwards),Czechia,2020,67.9,bd,
ESTAT:TEN00063(1.0),21/10/25 23:00:00,Annual,Packaging,Rate (2025 target and onwards),Czechia,2021,69.1,d,
ESTAT:TEN00063(1.0),21/10/25 23:00:00,Annual,Packaging,Rate (2025 target and onwards),Czechia,2022,70.8,bd,
ESTAT:TEN00063(1.0),21/10/25 23:00:00,Annual,Packaging,Rate (2025 target and onwards),Czechia,2023,74.8,p,
ESTAT:TEN00063(1.0),21/10/25 23:00:00,Annual,Packaging,Rate (2025 target and onwards),Germany,2012,71.3,,
ESTAT:TEN00063(1.0),21/10/25 23:00:00,Annual,Packaging,Rate (2025 target and onwards),Germany,2013,71.8,,
ESTAT:TEN00063(1.0),21/10/25 23:00:00,Annual,Packaging,Rate (2025 target and onwards),Germany,2014,71.4,,
ESTAT:TEN00063(1.0),21/10/25 23:00:00,Annual,Packaging,Rate (2025 target and onwards),Germany,2015,69.3,,
ESTAT:TEN00063(1.0),21/10/25 23:00:00,Annual,Packaging,Rate (2025 target and onwards),Germany,2016,70.7,,
ESTAT:TEN00063(1.0),21/10/25 23:00:00,Annual,Packaging,Rate (2025 target and onwards),Germany,2017,69.9,,
ESTAT:TEN00063(1.0),21/10/25 23:00:00,Annual,Packaging,Rate (2025 target and onwards),Germany,2018,68.5,,
ESTAT:TEN00063(1.0),21/10/25 23:00:00,Annual,Packaging,Rate (2025 target and onwards),Germany,2019,64,b,
ESTAT:TEN00063(1.0),21/10/25 23:00:00,Annual,Packaging,Rate (2025 target and onwards),Germany,2020,68.1,,
ESTAT:TEN00063(1.0),21/10/25 23:00:00,Annual,Packaging,Rate (2025 target and onwards),Germany,2021,67.7,,
ESTAT:TEN00063(1.0),21/10/25 23:00:00,Annual,Packaging,Rate (2025 target and onwards),Germany,2022,68.5,,
ESTAT:TEN00063(1.0),21/10/25 23:00:00,Annual,Packaging,Rate (2025 target and onwards),Germany,2023,69.4,,
ESTAT:TEN00063(1.0),21/10/25 23:00:00,Annual,Packaging,Rate (2025 target and onwards),Denmark,2012,61.6,e,
ESTAT:TEN00063(1.0),21/10/25 23:00:00,Annual,Packaging,Rate (2025 target and onwards),Denmark,2013,69.8,,
ESTAT:TEN00063(1.0),21/10/25 23:00:00,Annual,Packaging,Rate (2025 target and onwards),Denmark,2014,69.8,,
ESTAT:TEN00063(1.0),21/10/25 23:00:00,Annual,Packaging,Rate (2025 target and onwards),Denmark,2015,73.9,,
ESTAT:TEN00063(1.0),21/10/25 23:00:00,Annual,Packaging,Rate (2025 target and onwards),Denmark,2016,79,,
ESTAT:TEN00063(1.0),21/10/25 23:00:00,Annual,Packaging,Rate (2025 target and onwards),Denmark,2017,71.5,,
ESTAT:TEN00063(1.0),21/10/25 23:00:00,Annual,Packaging,Rate (2025 target and onwards),Denmark,2018,70.1,,
ESTAT:TEN00063(1.0),21/10/25 23:00:00,Annual,Packaging,Rate (2025 target and onwards),Denmark,2019,69.3,,
ESTAT:TEN00063(1.0),21/10/25 23:00:00,Annual,Packaging,Rate (2025 target and onwards),Denmark,2020,64,,
ESTAT:TEN00063(1.0),21/10/25 23:00:00,Annual,Packaging,Rate (2025 target and onwards),Denmark,2021,64.7,,
ESTAT:TEN00063(1.0),21/10/25 23:00:00,Annual,Packaging,Rate (2025 target and onwards),Denmark,2022,62.2,,
ESTAT:TEN00063(1.0),21/10/25 23:00:00,Annual,Packaging,Rate (2025 target and onwards),Denmark,2023,62.7,,
ESTAT:TEN00063(1.0),21/10/25 23:00:00,Annual,Packaging,Rate (2025 target and onwards),Estonia,2012,61.3,,
ESTAT:TEN00063(1.0),21/10/25 23:00:00,Annual,Packaging,Rate (2025 target and onwards),Estonia,2013,58.4,,
ESTAT:TEN00063(1.0),21/10/25 23:00:00,Annual,Packaging,Rate (2025 target and onwards),Estonia,2014,60.3,,
ESTAT:TEN00063(1.0),21/10/25 23:00:00,Annual,Packaging,Rate (2025 target and onwards),Estonia,2015,59,,
ESTAT:TEN00063(1.0),21/10/25 23:00:00,Annual,Packaging,Rate (2025 target and onwards),Estonia,2016,56,,
ESTAT:TEN00063(1.0),21/10/25 23:00:00,Annual,Packaging,Rate (2025 target and onwards),Estonia,2017,53.5,,
ESTAT:TEN00063(1.0),21/10/25 23:00:00,Annual,Packaging,Rate (2025 target and onwards),Estonia,2018,60.4,,
ESTAT:TEN00063(1.0),21/10/25 23:00:00,Annual,Packaging,Rate (2025 target and onwards),Estonia,2019,66.2,b,
ESTAT:TEN00063(1.0),21/10/25 23:00:00,Annual,Packaging,Rate (2025 target and onwards),Estonia,2020,71.4,,
ESTAT:TEN00063(1.0),21/10/25 23:00:00,Annual,Packaging,Rate (2025 target and onwards),Estonia,2021,70.4,,
ESTAT:TEN00063(1.0),21/10/25 23:00:00,Annual,Packaging,Rate (2025 target and onwards),Estonia,2022,73,,
ESTAT:TEN00063(1.0),21/10/25 23:00:00,Annual,Packaging,Rate (2025 target and onwards),Estonia,2023,68.5,,
ESTAT:TEN00063(1.0),21/10/25 23:00:00,Annual,Packaging,Rate (2025 target and onwards),Greece,2012,58.6,,
ESTAT:TEN00063(1.0),21/10/25 23:00:00,Annual,Packaging,Rate (2025 target and onwards),Greece,2013,52.4,,
ESTAT:TEN00063(1.0),21/10/25 23:00:00,Annual,Packaging,Rate (2025 target and onwards),Greece,2014,53.8,,
ESTAT:TEN00063(1.0),21/10/25 23:00:00,Annual,Packaging,Rate (2025 target and onwards),Greece,2015,60.3,,
ESTAT:TEN00063(1.0),21/10/25 23:00:00,Annual,Packaging,Rate (2025 target and onwards),Greece,2016,66.1,,
ESTAT:TEN00063(1.0),21/10/25 23:00:00,Annual,Packaging,Rate (2025 target and onwards),Greece,2017,68.6,,
ESTAT:TEN00063(1.0),21/10/25 23:00:00,Annual,Packaging,Rate (2025 target and onwards),Greece,2018,63.6,e,
ESTAT:TEN00063(1.0),21/10/25 23:00:00,Annual,Packaging,Rate (2025 target and onwards),Greece,2019,60.1,e,
ESTAT:TEN00063(1.0),21/10/25 23:00:00,Annual,Packaging,Rate (2025 target and onwards),Greece,2021,54.1,,
ESTAT:TEN00063(1.0),21/10/25 23:00:00,Annual,Packaging,Rate (2025 target and onwards),Greece,2022,43.4,,
ESTAT:TEN00063(1.0),21/10/25 23:00:00,Annual,Packaging,Rate (2025 target and onwards),Greece,2023,48,,
ESTAT:TEN00063(1.0),21/10/25 23:00:00,Annual,Packaging,Rate (2025 target and onwards),Spain,2012,65.5,,
ESTAT:TEN00063(1.0),21/10/25 23:00:00,Annual,Packaging,Rate (2025 target and onwards),Spain,2013,66.6,,
ESTAT:TEN00063(1.0),21/10/25 23:00:00,Annual,Packaging,Rate (2025 target and onwards),Spain,2014,68.7,,
ESTAT:TEN00063(1.0),21/10/25 23:00:00,Annual,Packaging,Rate (2025 target and onwards),Spain,2015,68.4,,
ESTAT:TEN00063(1.0),21/10/25 23:00:00,Annual,Packaging,Rate (2025 target and onwards),Spain,2016,70.3,,
ESTAT:TEN00063(1.0),21/10/25 23:00:00,Annual,Packaging,Rate (2025 target and onwards),Spain,2017,68.5,,
ESTAT:TEN00063(1.0),21/10/25 23:00:00,Annual,Packaging,Rate (2025 target and onwards),Spain,2018,68.8,,
ESTAT:TEN00063(1.0),21/10/25 23:00:00,Annual,Packaging,Rate (2025 target and onwards),Spain,2019,69.6,,
ESTAT:TEN00063(1.0),21/10/25 23:00:00,Annual,Packaging,Rate (2025 target and onwards),Spain,2020,68.3,,
ESTAT:TEN00063(1.0),21/10/25 23:00:00,Annual,Packaging,Rate (2025 target and onwards),Spain,2021,66.4,,
ESTAT:TEN00063(1.0),21/10/25 23:00:00,Annual,Packaging,Rate (2025 target and onwards),Spain,2022,69.1,,
ESTAT:TEN00063(1.0),21/10/25 23:00:00,Annual,Packaging,Rate (2025 target and onwards),Spain,2023,70.5,,
ESTAT:TEN00063(1.0),21/10/25 23:00:00,Annual,Packaging,Rate (2025 target and onwards),European Union - 27 countries (from 2020),2012,65.2,,
ESTAT:TEN00063(1.0),21/10/25 23:00:00,Annual,Packaging,Rate (2025 target and onwards),European Union - 27 countries (from 2020),2013,65.4,,
ESTAT:TEN00063(1.0),21/10/25 23:00:00,Annual,Packaging,Rate (2025 target and onwards),European Union - 27 countries (from 2020),2014,66.5,,
ESTAT:TEN00063(1.0),21/10/25 23:00:00,Annual,Packaging,Rate (2025 target and onwards),European Union - 27 countries (from 2020),2015,66.6,,
ESTAT:TEN00063(1.0),21/10/25 23:00:00,Annual,Packaging,Rate (2025 target and onwards),European Union - 27 countries (from 2020),2016,67.6,,
ESTAT:TEN00063(1.0),21/10/25 23:00:00,Annual,Packaging,Rate (2025 target and onwards),European Union - 27 countries (from 2020),2017,67.5,,
ESTAT:TEN00063(1.0),21/10/25 23:00:00,Annual,Packaging,Rate (2025 target and onwards),European Union - 27 countries (from 2020),2018,65.6,,
ESTAT:TEN00063(1.0),21/10/25 23:00:00,Annual,Packaging,Rate (2025 target and onwards),European Union - 27 countries (from 2020),2019,64.8,,
ESTAT:TEN00063(1.0),21/10/25 23:00:00,Annual,Packaging,Rate (2025 target and onwards),European Union - 27 countries (from 2020),2020,64,,
ESTAT:TEN00063(1.0),21/10/25 23:00:00,Annual,Packaging,Rate (2025 target and onwards),European Union - 27 countries (from 2020),2021,64,,
ESTAT:TEN00063(1.0),21/10/25 23:00:00,Annual,Packaging,Rate (2025 target and onwards),European Union - 27 countries (from 2020),2022,65.3,,
ESTAT:TEN00063(1.0),21/10/25 23:00:00,Annual,Packaging,Rate (2025 target and onwards),European Union - 27 countries (from 2020),2023,67.5,i,
ESTAT:TEN00063(1.0),21/10/25 23:00:00,Annual,Packaging,Rate (2025 target and onwards),Finland,2012,59.3,,
ESTAT:TEN00063(1.0),21/10/25 23:00:00,Annual,Packaging,Rate (2025 target and onwards),Finland,2013,58,,
ESTAT:TEN00063(1.0),21/10/25 23:00:00,Annual,Packaging,Rate (2025 target and onwards),Finland,2014,57.4,,
ESTAT:TEN00063(1.0),21/10/25 23:00:00,Annual,Packaging,Rate (2025 target and onwards),Finland,2015,60.9,,
ESTAT:TEN00063(1.0),21/10/25 23:00:00,Annual,Packaging,Rate (2025 target and onwards),Finland,2016,64.7,,
ESTAT:TEN00063(1.0),21/10/25 23:00:00,Annual,Packaging,Rate (2025 target and onwards),Finland,2017,65.2,,
ESTAT:TEN00063(1.0),21/10/25 23:00:00,Annual,Packaging,Rate (2025 target and onwards),Finland,2018,70.2,,
ESTAT:TEN00063(1.0),21/10/25 23:00:00,Annual,Packaging,Rate (2025 target and onwards),Finland,2019,70.6,,
ESTAT:TEN00063(1.0),21/10/25 23:00:00,Annual,Packaging,Rate (2025 target and onwards),Finland,2020,61.2,,
ESTAT:TEN00063(1.0),21/10/25 23:00:00,Annual,Packaging,Rate (2025 target and onwards),Finland,2021,60.6,,
ESTAT:TEN00063(1.0),21/10/25 23:00:00,Annual,Packaging,Rate (2025 target and onwards),Finland,2022,60.2,,
ESTAT:TEN00063(1.0),21/10/25 23:00:00,Annual,Packaging,Rate (2025 target and onwards),Finland,2023,59.4,p,
ESTAT:TEN00063(1.0),21/10/25 23:00:00,Annual,Packaging,Rate (2025 target and onwards),France,2012,64.9,,
ESTAT:TEN00063(1.0),21/10/25 23:00:00,Annual,Packaging,Rate (2025 target and onwards),France,2013,66.4,,
ESTAT:TEN00063(1.0),21/10/25 23:00:00,Annual,Packaging,Rate (2025 target and onwards),France,2014,65.2,,
ESTAT:TEN00063(1.0),21/10/25 23:00:00,Annual,Packaging,Rate (2025 target and onwards),France,2015,65.5,,
ESTAT:TEN00063(1.0),21/10/25 23:00:00,Annual,Packaging,Rate (2025 target and onwards),France,2016,66,,
ESTAT:TEN00063(1.0),21/10/25 23:00:00,Annual,Packaging,Rate (2025 target and onwards),France,2017,68.1,,
ESTAT:TEN00063(1.0),21/10/25 23:00:00,Annual,Packaging,Rate (2025 target and onwards),France,2018,63.5,,
ESTAT:TEN00063(1.0),21/10/25 23:00:00,Annual,Packaging,Rate (2025 target and onwards),France,2019,65.6,,
ESTAT:TEN00063(1.0),21/10/25 23:00:00,Annual,Packaging,Rate (2025 target and onwards),France,2020,60.3,,
ESTAT:TEN00063(1.0),21/10/25 23:00:00,Annual,Packaging,Rate (2025 target and onwards),France,2021,62.4,,
ESTAT:TEN00063(1.0),21/10/25 23:00:00,Annual,Packaging,Rate (2025 target and onwards),France,2022,67.5,,
ESTAT:TEN00063(1.0),21/10/25 23:00:00,Annual,Packaging,Rate (2025 target and onwards),France,2023,69,,
ESTAT:TEN00063(1.0),21/10/25 23:00:00,Annual,Packaging,Rate (2025 target and onwards),Croatia,2012,59.7,,
ESTAT:TEN00063(1.0),21/10/25 23:00:00,Annual,Packaging,Rate (2025 target and onwards),Croatia,2013,58.8,,
ESTAT:TEN00063(1.0),21/10/25 23:00:00,Annual,Packaging,Rate (2025 target and onwards),Croatia,2014,52.7,,
ESTAT:TEN00063(1.0),21/10/25 23:00:00,Annual,Packaging,Rate (2025 target and onwards),Croatia,2015,60.1,,
ESTAT:TEN00063(1.0),21/10/25 23:00:00,Annual,Packaging,Rate (2025 target and onwards),Croatia,2016,54.7,,
ESTAT:TEN00063(1.0),21/10/25 23:00:00,Annual,Packaging,Rate (2025 target and onwards),Croatia,2017,53.3,,
ESTAT:TEN00063(1.0),21/10/25 23:00:00,Annual,Packaging,Rate (2025 target and onwards),Croatia,2018,58.4,,
ESTAT:TEN00063(1.0),21/10/25 23:00:00,Annual,Packaging,Rate (2025 target and onwards),Croatia,2019,48.9,,
ESTAT:TEN00063(1.0),21/10/25 23:00:00,Annual,Packaging,Rate (2025 target and onwards),Croatia,2020,54.2,,
ESTAT:TEN00063(1.0),21/10/25 23:00:00,Annual,Packaging,Rate (2025 target and onwards),Croatia,2021,51.7,,
ESTAT:TEN00063(1.0),21/10/25 23:00:00,Annual,Packaging,Rate (2025 target and onwards),Croatia,2022,52.4,,
ESTAT:TEN00063(1.0),21/10/25 23:00:00,Annual,Packaging,Rate (2025 target and onwards),Croatia,2023,51.9,p,
ESTAT:TEN00063(1.0),21/10/25 23:00:00,Annual,Packaging,Rate (2025 target and onwards),Hungary,2012,48.5,,
ESTAT:TEN00063(1.0),21/10/25 23:00:00,Annual,Packaging,Rate (2025 target and onwards),Hungary,2013,49.2,,
ESTAT:TEN00063(1.0),21/10/25 23:00:00,Annual,Packaging,Rate (2025 target and onwards),Hungary,2014,48.4,,
ESTAT:TEN00063(1.0),21/10/25 23:00:00,Annual,Packaging,Rate (2025 target and onwards),Hungary,2015,50.1,,
ESTAT:TEN00063(1.0),21/10/25 23:00:00,Annual,Packaging,Rate (2025 target and onwards),Hungary,2016,49.7,,
ESTAT:TEN00063(1.0),21/10/25 23:00:00,Annual,Packaging,Rate (2025 target and onwards),Hungary,2017,49.7,,
ESTAT:TEN00063(1.0),21/10/25 23:00:00,Annual,Packaging,Rate (2025 target and onwards),Hungary,2018,46.1,,
ESTAT:TEN00063(1.0),21/10/25 23:00:00,Annual,Packaging,Rate (2025 target and onwards),Hungary,2019,47,,
ESTAT:TEN00063(1.0),21/10/25 23:00:00,Annual,Packaging,Rate (2025 target and onwards),Hungary,2020,48.6,,
ESTAT:TEN00063(1.0),21/10/25 23:00:00,Annual,Packaging,Rate (2025 target and onwards),Hungary,2021,44.8,,
ESTAT:TEN00063(1.0),21/10/25 23:00:00,Annual,Packaging,Rate (2025 target and onwards),Hungary,2022,42.9,,
ESTAT:TEN00063(1.0),21/10/25 23:00:00,Annual,Packaging,Rate (2025 target and onwards),Hungary,2023,42.8,p,
ESTAT:TEN00063(1.0),21/10/25 23:00:00,Annual,Packaging,Rate (2025 target and onwards),Ireland,2012,74,,
ESTAT:TEN00063(1.0),21/10/25 23:00:00,Annual,Packaging,Rate (2025 target and onwards),Ireland,2013,70.2,,
ESTAT:TEN00063(1.0),21/10/25 23:00:00,Annual,Packaging,Rate (2025 target and onwards),Ireland,2014,68.3,,
ESTAT:TEN00063(1.0),21/10/25 23:00:00,Annual,Packaging,Rate (2025 target and onwards),Ireland,2015,67.5,,
ESTAT:TEN00063(1.0),21/10/25 23:00:00,Annual,Packaging,Rate (2025 target and onwards),Ireland,2016,67,,
ESTAT:TEN00063(1.0),21/10/25 23:00:00,Annual,Packaging,Rate (2025 target and onwards),Ireland,2017,65.6,,
ESTAT:TEN00063(1.0),21/10/25 23:00:00,Annual,Packaging,Rate (2025 target and onwards),Ireland,2018,63.9,,
ESTAT:TEN00063(1.0),21/10/25 23:00:00,Annual,Packaging,Rate (2025 target and onwards),Ireland,2019,62.5,,
ESTAT:TEN00063(1.0),21/10/25 23:00:00,Annual,Packaging,Rate (2025 target and onwards),Ireland,2020,62.4,,
ESTAT:TEN00063(1.0),21/10/25 23:00:00,Annual,Packaging,Rate (2025 target and onwards),Ireland,2021,59.3,,
ESTAT:TEN00063(1.0),21/10/25 23:00:00,Annual,Packaging,Rate (2025 target and onwards),Ireland,2022,61.7,,
ESTAT:TEN00063(1.0),21/10/25 23:00:00,Annual,Packaging,Rate (2025 target and onwards),Ireland,2023,61,,
ESTAT:TEN00063(1.0),21/10/25 23:00:00,Annual,Packaging,Rate (2025 target and onwards),Iceland,2012,40.7,,
ESTAT:TEN00063(1.0),21/10/25 23:00:00,Annual,Packaging,Rate (2025 target and onwards),Iceland,2013,42.9,,
ESTAT:TEN00063(1.0),21/10/25 23:00:00,Annual,Packaging,Rate (2025 target and onwards),Iceland,2014,42.8,,
ESTAT:TEN00063(1.0),21/10/25 23:00:00,Annual,Packaging,Rate (2025 target and onwards),Iceland,2015,47.4,,
ESTAT:TEN00063(1.0),21/10/25 23:00:00,Annual,Packaging,Rate (2025 target and onwards),Iceland,2016,47.2,,
ESTAT:TEN00063(1.0),21/10/25 23:00:00,Annual,Packaging,Rate (2025 target and onwards),Iceland,2017,44.4,,
ESTAT:TEN00063(1.0),21/10/25 23:00:00,Annual,Packaging,Rate (2025 target and onwards),Iceland,2018,51.2,,
ESTAT:TEN00063(1.0),21/10/25 23:00:00,Annual,Packaging,Rate (2025 target and onwards),Iceland,2019,46.3,,
ESTAT:TEN00063(1.0),21/10/25 23:00:00,Annual,Packaging,Rate (2025 target and onwards),Iceland,2020,57,d,
ESTAT:TEN00063(1.0),21/10/25 23:00:00,Annual,Packaging,Rate (2025 target and onwards),Iceland,2021,49.8,d,
ESTAT:TEN00063(1.0),21/10/25 23:00:00,Annual,Packaging,Rate (2025 target and onwards),Iceland,2022,42.1,d,
ESTAT:TEN00063(1.0),21/10/25 23:00:00,Annual,Packaging,Rate (2025 target and onwards),Iceland,2023,77.3,d,
ESTAT:TEN00063(1.0),21/10/25 23:00:00,Annual,Packaging,Rate (2025 target and onwards),Italy,2012,66.6,,
ESTAT:TEN00063(1.0),21/10/25 23:00:00,Annual,Packaging,Rate (2025 target and onwards),Italy,2013,66.7,,
ESTAT:TEN00063(1.0),21/10/25 23:00:00,Annual,Packaging,Rate (2025 target and onwards),Italy,2014,65.4,,
ESTAT:TEN00063(1.0),21/10/25 23:00:00,Annual,Packaging,Rate (2025 target and onwards),Italy,2015,66.8,,
ESTAT:TEN00063(1.0),21/10/25 23:00:00,Annual,Packaging,Rate (2025 target and onwards),Italy,2016,66.9,,
ESTAT:TEN00063(1.0),21/10/25 23:00:00,Annual,Packaging,Rate (2025 target and onwards),Italy,2017,67.1,,
ESTAT:TEN00063(1.0),21/10/25 23:00:00,Annual,Packaging,Rate (2025 target and onwards),Italy,2018,68.3,,
ESTAT:TEN00063(1.0),21/10/25 23:00:00,Annual,Packaging,Rate (2025 target and onwards),Italy,2019,69.6,,
ESTAT:TEN00063(1.0),21/10/25 23:00:00,Annual,Packaging,Rate (2025 target and onwards),Italy,2020,71.4,,
ESTAT:TEN00063(1.0),21/10/25 23:00:00,Annual,Packaging,Rate (2025 target and onwards),Italy,2021,71.7,,
ESTAT:TEN00063(1.0),21/10/25 23:00:00,Annual,Packaging,Rate (2025 target and onwards),Italy,2022,70.7,,
ESTAT:TEN00063(1.0),21/10/25 23:00:00,Annual,Packaging,Rate (2025 target and onwards),Italy,2023,75.6,,
ESTAT:TEN00063(1.0),21/10/25 23:00:00,Annual,Packaging,Rate (2025 target and onwards),Liechtenstein,2012,44.3,,
ESTAT:TEN00063(1.0),21/10/25 23:00:00,Annual,Packaging,Rate (2025 target and onwards),Liechtenstein,2013,50.3,,
ESTAT:TEN00063(1.0),21/10/25 23:00:00,Annual,Packaging,Rate (2025 target and onwards),Liechtenstein,2014,51.9,,
ESTAT:TEN00063(1.0),21/10/25 23:00:00,Annual,Packaging,Rate (2025 target and onwards),Liechtenstein,2015,66.1,,
ESTAT:TEN00063(1.0),21/10/25 23:00:00,Annual,Packaging,Rate (2025 target and onwards),Liechtenstein,2016,65.8,,
ESTAT:TEN00063(1.0),21/10/25 23:00:00,Annual,Packaging,Rate (2025 target and onwards),Liechtenstein,2017,66.7,,
ESTAT:TEN00063(1.0),21/10/25 23:00:00,Annual,Packaging,Rate (2025 target and onwards),Liechtenstein,2018,68,,
ESTAT:TEN00063(1.0),21/10/25 23:00:00,Annual,Packaging,Rate (2025 target and onwards),Liechtenstein,2019,70,,
ESTAT:TEN00063(1.0),21/10/25 23:00:00,Annual,Packaging,Rate (2025 target and onwards),Liechtenstein,2020,72.1,d,
ESTAT:TEN00063(1.0),21/10/25 23:00:00,Annual,Packaging,Rate (2025 target and onwards),Liechtenstein,2021,72.2,d,
ESTAT:TEN00063(1.0),21/10/25 23:00:00,Annual,Packaging,Rate (2025 target and onwards),Liechtenstein,2022,71.8,d,
ESTAT:TEN00063(1.0),21/10/25 23:00:00,Annual,Packaging,Rate (2025 target and onwards),Liechtenstein,2023,71.4,,
ESTAT:TEN00063(1.0),21/10/25 23:00:00,Annual,Packaging,Rate (2025 target and onwards),Lithuania,2012,62.2,,
ESTAT:TEN00063(1.0),21/10/25 23:00:00,Annual,Packaging,Rate (2025 target and onwards),Lithuania,2013,53.5,,
ESTAT:TEN00063(1.0),21/10/25 23:00:00,Annual,Packaging,Rate (2025 target and onwards),Lithuania,2014,57.7,,
ESTAT:TEN00063(1.0),21/10/25 23:00:00,Annual,Packaging,Rate (2025 target and onwards),Lithuania,2015,59.8,,
ESTAT:TEN00063(1.0),21/10/25 23:00:00,Annual,Packaging,Rate (2025 target and onwards),Lithuania,2016,69.5,,
ESTAT:TEN00063(1.0),21/10/25 23:00:00,Annual,Packaging,Rate (2025 target and onwards),Lithuania,2017,61.8,,
ESTAT:TEN00063(1.0),21/10/25 23:00:00,Annual,Packaging,Rate (2025 target and onwards),Lithuania,2018,60.7,,
ESTAT:TEN00063(1.0),21/10/25 23:00:00,Annual,Packaging,Rate (2025 target and onwards),Lithuania,2019,61.9,,
ESTAT:TEN00063(1.0),21/10/25 23:00:00,Annual,Packaging,Rate (2025 target and onwards),Lithuania,2020,61.8,b,
ESTAT:TEN00063(1.0),21/10/25 23:00:00,Annual,Packaging,Rate (2025 target and onwards),Lithuania,2021,60.7,,
ESTAT:TEN00063(1.0),21/10/25 23:00:00,Annual,Packaging,Rate (2025 target and onwards),Lithuania,2022,58.3,,
ESTAT:TEN00063(1.0),21/10/25 23:00:00,Annual,Packaging,Rate (2025 target and onwards),Lithuania,2023,60.7,,
ESTAT:TEN00063(1.0),21/10/25 23:00:00,Annual,Packaging,Rate (2025 target and onwards),Luxembourg,2012,62.5,,
ESTAT:TEN00063(1.0),21/10/25 23:00:00,Annual,Packaging,Rate (2025 target and onwards),Luxembourg,2013,62.8,,
ESTAT:TEN00063(1.0),21/10/25 23:00:00,Annual,Packaging,Rate (2025 target and onwards),Luxembourg,2014,66,,
ESTAT:TEN00063(1.0),21/10/25 23:00:00,Annual,Packaging,Rate (2025 target and onwards),Luxembourg,2015,70,,
ESTAT:TEN00063(1.0),21/10/25 23:00:00,Annual,Packaging,Rate (2025 target and onwards),Luxembourg,2016,70.3,,
ESTAT:TEN00063(1.0),21/10/25 23:00:00,Annual,Packaging,Rate (2025 target and onwards),Luxembourg,2017,69.7,,
ESTAT:TEN00063(1.0),21/10/25 23:00:00,Annual,Packaging,Rate (2025 target and onwards),Luxembourg,2018,70.9,,
ESTAT:TEN00063(1.0),21/10/25 23:00:00,Annual,Packaging,Rate (2025 target and onwards),Luxembourg,2019,71.5,,
ESTAT:TEN00063(1.0),21/10/25 23:00:00,Annual,Packaging,Rate (2025 target and onwards),Luxembourg,2020,71.9,,
ESTAT:TEN00063(1.0),21/10/25 23:00:00,Annual,Packaging,Rate (2025 target and onwards),Luxembourg,2021,73.4,,
ESTAT:TEN00063(1.0),21/10/25 23:00:00,Annual,Packaging,Rate (2025 target and onwards),Luxembourg,2022,63.4,,
ESTAT:TEN00063(1.0),21/10/25 23:00:00,Annual,Packaging,Rate (2025 target and onwards),Luxembourg,2023,66.1,,
ESTAT:TEN00063(1.0),21/10/25 23:00:00,Annual,Packaging,Rate (2025 target and onwards),Latvia,2012,51.1,,
ESTAT:TEN00063(1.0),21/10/25 23:00:00,Annual,Packaging,Rate (2025 target and onwards),Latvia,2013,51,,
ESTAT:TEN00063(1.0),21/10/25 23:00:00,Annual,Packaging,Rate (2025 target and onwards),Latvia,2014,54.9,,
ESTAT:TEN00063(1.0),21/10/25 23:00:00,Annual,Packaging,Rate (2025 target and onwards),Latvia,2015,53.9,,
ESTAT:TEN00063(1.0),21/10/25 23:00:00,Annual,Packaging,Rate (2025 target and onwards),Latvia,2016,57.7,,
ESTAT:TEN00063(1.0),21/10/25 23:00:00,Annual,Packaging,Rate (2025 target and onwards),Latvia,2017,58.7,,
ESTAT:TEN00063(1.0),21/10/25 23:00:00,Annual,Packaging,Rate (2025 target and onwards),Latvia,2018,55.8,,
ESTAT:TEN00063(1.0),21/10/25 23:00:00,Annual,Packaging,Rate (2025 target and onwards),Latvia,2019,62.4,,
ESTAT:TEN00063(1.0),21/10/25 23:00:00,Annual,Packaging,Rate (2025 target and onwards),Latvia,2020,61.4,,
ESTAT:TEN00063(1.0),21/10/25 23:00:00,Annual,Packaging,Rate (2025 target and onwards),Latvia,2021,61,,
ESTAT:TEN00063(1.0),21/10/25 23:00:00,Annual,Packaging,Rate (2025 target and onwards),Latvia,2022,60.8,,
ESTAT:TEN00063(1.0),21/10/25 23:00:00,Annual,Packaging,Rate (2025 target and onwards),Latvia,2023,63.1,,
ESTAT:TEN00063(1.0),21/10/25 23:00:00,Annual,Packaging,Rate (2025 target and onwards),Malta,2012,46.6,,
ESTAT:TEN00063(1.0),21/10/25 23:00:00,Annual,Packaging,Rate (2025 target and onwards),Malta,2013,38.1,,
ESTAT:TEN00063(1.0),21/10/25 23:00:00,Annual,Packaging,Rate (2025 target and onwards),Malta,2014,41.1,,
ESTAT:TEN00063(1.0),21/10/25 23:00:00,Annual,Packaging,Rate (2025 target and onwards),Malta,2015,37.1,,
ESTAT:TEN00063(1.0),21/10/25 23:00:00,Annual,Packaging,Rate (2025 target and onwards),Malta,2016,39.7,,
ESTAT:TEN00063(1.0),21/10/25 23:00:00,Annual,Packaging,Rate (2025 target and onwards),Malta,2017,35.6,,
ESTAT:TEN00063(1.0),21/10/25 23:00:00,Annual,Packaging,Rate (2025 target and onwards),Malta,2018,35.7,,
ESTAT:TEN00063(1.0),21/10/25 23:00:00,Annual,Packaging,Rate (2025 target and onwards),Malta,2019,33.7,,
ESTAT:TEN00063(1.0),21/10/25 23:00:00,Annual,Packaging,Rate (2025 target and onwards),Malta,2020,40,,
ESTAT:TEN00063(1.0),21/10/25 23:00:00,Annual,Packaging,Rate (2025 target and onwards),Malta,2021,36.8,,
ESTAT:TEN00063(1.0),21/10/25 23:00:00,Annual,Packaging,Rate (2025 target and onwards),Malta,2022,31.8,,
ESTAT:TEN00063(1.0),21/10/25 23:00:00,Annual,Packaging,Rate (2025 target and onwards),Malta,2023,44.4,,
ESTAT:TEN00063(1.0),21/10/25 23:00:00,Annual,Packaging,Rate (2025 target and onwards),Netherlands,2012,69.3,,
ESTAT:TEN00063(1.0),21/10/25 23:00:00,Annual,Packaging,Rate (2025 target and onwards),Netherlands,2013,70.4,,
ESTAT:TEN00063(1.0),21/10/25 23:00:00,Annual,Packaging,Rate (2025 target and onwards),Netherlands,2014,70.5,,
ESTAT:TEN00063(1.0),21/10/25 23:00:00,Annual,Packaging,Rate (2025 target and onwards),Netherlands,2015,71.7,,
ESTAT:TEN00063(1.0),21/10/25 23:00:00,Annual,Packaging,Rate (2025 target and onwards),Netherlands,2016,72.6,,
ESTAT:TEN00063(1.0),21/10/25 23:00:00,Annual,Packaging,Rate (2025 target and onwards),Netherlands,2017,78.1,,
ESTAT:TEN00063(1.0),21/10/25 23:00:00,Annual,Packaging,Rate (2025 target and onwards),Netherlands,2018,79.4,,
ESTAT:TEN00063(1.0),21/10/25 23:00:00,Annual,Packaging,Rate (2025 target and onwards),Netherlands,2019,80.7,,
ESTAT:TEN00063(1.0),21/10/25 23:00:00,Annual,Packaging,Rate (2025 target and onwards),Netherlands,2020,76.5,,
ESTAT:TEN00063(1.0),21/10/25 23:00:00,Annual,Packaging,Rate (2025 target and onwards),Netherlands,2021,76.8,,
ESTAT:TEN00063(1.0),21/10/25 23:00:00,Annual,Packaging,Rate (2025 target and onwards),Netherlands,2022,75.2,,
ESTAT:TEN00063(1.0),21/10/25 23:00:00,Annual,Packaging,Rate (2025 target and onwards),Netherlands,2023,75.8,,
ESTAT:TEN00063(1.0),21/10/25 23:00:00,Annual,Packaging,Rate (2025 target and onwards),Norway,2012,55.9,,
ESTAT:TEN00063(1.0),21/10/25 23:00:00,Annual,Packaging,Rate (2025 target and onwards),Norway,2013,54.5,,
ESTAT:TEN00063(1.0),21/10/25 23:00:00,Annual,Packaging,Rate (2025 target and onwards),Norway,2014,55.7,,
ESTAT:TEN00063(1.0),21/10/25 23:00:00,Annual,Packaging,Rate (2025 target and onwards),Norway,2015,55.1,,
ESTAT:TEN00063(1.0),21/10/25 23:00:00,Annual,Packaging,Rate (2025 target and onwards),Norway,2016,56.3,,
ESTAT:TEN00063(1.0),21/10/25 23:00:00,Annual,Packaging,Rate (2025 target and onwards),Norway,2017,54.5,,
ESTAT:TEN00063(1.0),21/10/25 23:00:00,Annual,Packaging,Rate (2025 target and onwards),Norway,2018,52.9,,
ESTAT:TEN00063(1.0),21/10/25 23:00:00,Annual,Packaging,Rate (2025 target and onwards),Norway,2019,53.9,,
ESTAT:TEN00063(1.0),21/10/25 23:00:00,Annual,Packaging,Rate (2025 target and onwards),Norway,2020,52.5,,
ESTAT:TEN00063(1.0),21/10/25 23:00:00,Annual,Packaging,Rate (2025 target and onwards),Norway,2021,56.9,,
ESTAT:TEN00063(1.0),21/10/25 23:00:00,Annual,Packaging,Rate (2025 target and onwards),Norway,2022,63.1,b,
ESTAT:TEN00063(1.0),21/10/25 23:00:00,Annual,Packaging,Rate (2025 target and onwards),Norway,2023,64,,
ESTAT:TEN00063(1.0),21/10/25 23:00:00,Annual,Packaging,Rate (2025 target and onwards),Poland,2012,41.4,,
ESTAT:TEN00063(1.0),21/10/25 23:00:00,Annual,Packaging,Rate (2025 target and onwards),Poland,2013,36.1,,
ESTAT:TEN00063(1.0),21/10/25 23:00:00,Annual,Packaging,Rate (2025 target and onwards),Poland,2014,55.4,,
ESTAT:TEN00063(1.0),21/10/25 23:00:00,Annual,Packaging,Rate (2025 target and onwards),Poland,2015,57.6,,
ESTAT:TEN00063(1.0),21/10/25 23:00:00,Annual,Packaging,Rate (2025 target and onwards),Poland,2016,58,,
ESTAT:TEN00063(1.0),21/10/25 23:00:00,Annual,Packaging,Rate (2025 target and onwards),Poland,2017,56.7,,
ESTAT:TEN00063(1.0),21/10/25 23:00:00,Annual,Packaging,Rate (2025 target and onwards),Poland,2018,58.7,,
ESTAT:TEN00063(1.0),21/10/25 23:00:00,Annual,Packaging,Rate (2025 target and onwards),Poland,2019,58.2,,
ESTAT:TEN00063(1.0),21/10/25 23:00:00,Annual,Packaging,Rate (2025 target and onwards),Poland,2022,64,,
ESTAT:TEN00063(1.0),21/10/25 23:00:00,Annual,Packaging,Rate (2025 target and onwards),Poland,2023,67.4,p,
ESTAT:TEN00063(1.0),21/10/25 23:00:00,Annual,Packaging,Rate (2025 target and onwards),Portugal,2012,56.9,,
ESTAT:TEN00063(1.0),21/10/25 23:00:00,Annual,Packaging,Rate (2025 target and onwards),Portugal,2013,61.5,,
ESTAT:TEN00063(1.0),21/10/25 23:00:00,Annual,Packaging,Rate (2025 target and onwards),Portugal,2014,61,,
ESTAT:TEN00063(1.0),21/10/25 23:00:00,Annual,Packaging,Rate (2025 target and onwards),Portugal,2015,57.1,,
ESTAT:TEN00063(1.0),21/10/25 23:00:00,Annual,Packaging,Rate (2025 target and onwards),Portugal,2016,60.9,,
ESTAT:TEN00063(1.0),21/10/25 23:00:00,Annual,Packaging,Rate (2025 target and onwards),Portugal,2017,55.3,b,
ESTAT:TEN00063(1.0),21/10/25 23:00:00,Annual,Packaging,Rate (2025 target and onwards),Portugal,2018,57.9,,
ESTAT:TEN00063(1.0),21/10/25 23:00:00,Annual,Packaging,Rate (2025 target and onwards),Portugal,2019,62.8,,
ESTAT:TEN00063(1.0),21/10/25 23:00:00,Annual,Packaging,Rate (2025 target and onwards),Portugal,2020,59.5,,
ESTAT:TEN00063(1.0),21/10/25 23:00:00,Annual,Packaging,Rate (2025 target and onwards),Portugal,2021,63.1,,
ESTAT:TEN00063(1.0),21/10/25 23:00:00,Annual,Packaging,Rate (2025 target and onwards),Portugal,2022,61.1,,
ESTAT:TEN00063(1.0),21/10/25 23:00:00,Annual,Packaging,Rate (2025 target and onwards),Portugal,2023,61.8,,
ESTAT:TEN00063(1.0),21/10/25 23:00:00,Annual,Packaging,Rate (2025 target and onwards),Romania,2012,56.8,,
ESTAT:TEN00063(1.0),21/10/25 23:00:00,Annual,Packaging,Rate (2025 target and onwards),Romania,2013,52.8,,
ESTAT:TEN00063(1.0),21/10/25 23:00:00,Annual,Packaging,Rate (2025 target and onwards),Romania,2014,54.8,,
ESTAT:TEN00063(1.0),21/10/25 23:00:00,Annual,Packaging,Rate (2025 target and onwards),Romania,2015,55.9,,
ESTAT:TEN00063(1.0),21/10/25 23:00:00,Annual,Packaging,Rate (2025 target and onwards),Romania,2016,60.4,,
ESTAT:TEN00063(1.0),21/10/25 23:00:00,Annual,Packaging,Rate (2025 target and onwards),Romania,2017,60.4,,
ESTAT:TEN00063(1.0),21/10/25 23:00:00,Annual,Packaging,Rate (2025 target and onwards),Romania,2018,57.9,,
ESTAT:TEN00063(1.0),21/10/25 23:00:00,Annual,Packaging,Rate (2025 target and onwards),Romania,2019,44.6,b,
ESTAT:TEN00063(1.0),21/10/25 23:00:00,Annual,Packaging,Rate (2025 target and onwards),Romania,2020,39.9,,
ESTAT:TEN00063(1.0),21/10/25 23:00:00,Annual,Packaging,Rate (2025 target and onwards),Romania,2021,38.3,,
ESTAT:TEN00063(1.0),21/10/25 23:00:00,Annual,Packaging,Rate (2025 target and onwards),Romania,2022,37.3,,
ESTAT:TEN00063(1.0),21/10/25 23:00:00,Annual,Packaging,Rate (2025 target and onwards),Sweden,2012,69.6,,
ESTAT:TEN00063(1.0),21/10/25 23:00:00,Annual,Packaging,Rate (2025 target and onwards),Sweden,2013,71.9,,
ESTAT:TEN00063(1.0),21/10/25 23:00:00,Annual,Packaging,Rate (2025 target and onwards),Sweden,2014,70.5,,
ESTAT:TEN00063(1.0),21/10/25 23:00:00,Annual,Packaging,Rate (2025 target and onwards),Sweden,2015,71.8,,
ESTAT:TEN00063(1.0),21/10/25 23:00:00,Annual,Packaging,Rate (2025 target and onwards),Sweden,2016,68.2,,
ESTAT:TEN00063(1.0),21/10/25 23:00:00,Annual,Packaging,Rate (2025 target and onwards),Sweden,2017,71.7,,
ESTAT:TEN00063(1.0),21/10/25 23:00:00,Annual,Packaging,Rate (2025 target and onwards),Sweden,2018,65,,
ESTAT:TEN00063(1.0),21/10/25 23:00:00,Annual,Packaging,Rate (2025 target and onwards),Sweden,2019,63.6,,
ESTAT:TEN00063(1.0),21/10/25 23:00:00,Annual,Packaging,Rate (2025 target and onwards),Sweden,2020,60.9,,
ESTAT:TEN00063(1.0),21/10/25 23:00:00,Annual,Packaging,Rate (2025 target and onwards),Sweden,2021,59.6,,
ESTAT:TEN00063(1.0),21/10/25 23:00:00,Annual,Packaging,Rate (2025 target and onwards),Sweden,2022,66.3,,
ESTAT:TEN00063(1.0),21/10/25 23:00:00,Annual,Packaging,Rate (2025 target and onwards),Sweden,2023,68.5,,
ESTAT:TEN00063(1.0),21/10/25 23:00:00,Annual,Packaging,Rate (2025 target and onwards),Slovenia,2012,66.9,,
ESTAT:TEN00063(1.0),21/10/25 23:00:00,Annual,Packaging,Rate (2025 target and onwards),Slovenia,2013,69,,
ESTAT:TEN00063(1.0),21/10/25 23:00:00,Annual,Packaging,Rate (2025 target and onwards),Slovenia,2014,70.4,,
ESTAT:TEN00063(1.0),21/10/25 23:00:00,Annual,Packaging,Rate (2025 target and onwards),Slovenia,2015,67,,
ESTAT:TEN00063(1.0),21/10/25 23:00:00,Annual,Packaging,Rate (2025 target and onwards),Slovenia,2016,69.4,,
ESTAT:TEN00063(1.0),21/10/25 23:00:00,Annual,Packaging,Rate (2025 target and onwards),Slovenia,2017,70.1,,
ESTAT:TEN00063(1.0),21/10/25 23:00:00,Annual,Packaging,Rate (2025 target and onwards),Slovenia,2018,68,,
ESTAT:TEN00063(1.0),21/10/25 23:00:00,Annual,Packaging,Rate (2025 target and onwards),Slovenia,2019,67.1,,
ESTAT:TEN00063(1.0),21/10/25 23:00:00,Annual,Packaging,Rate (2025 target and onwards),Slovenia,2020,67.9,,
ESTAT:TEN00063(1.0),21/10/25 23:00:00,Annual,Packaging,Rate (2025 target and onwards),Slovenia,2021,55.2,,
ESTAT:TEN00063(1.0),21/10/25 23:00:00,Annual,Packaging,Rate (2025 target and onwards),Slovenia,2022,62.6,,
ESTAT:TEN00063(1.0),21/10/25 23:00:00,Annual,Packaging,Rate (2025 target and onwards),Slovenia,2023,73.6,,
ESTAT:TEN00063(1.0),21/10/25 23:00:00,Annual,Packaging,Rate (2025 target and onwards),Slovakia,2012,68.1,,
ESTAT:TEN00063(1.0),21/10/25 23:00:00,Annual,Packaging,Rate (2025 target and onwards),Slovakia,2013,65.9,,
ESTAT:TEN00063(1.0),21/10/25 23:00:00,Annual,Packaging,Rate (2025 target and onwards),Slovakia,2014,65.4,,
ESTAT:TEN00063(1.0),21/10/25 23:00:00,Annual,Packaging,Rate (2025 target and onwards),Slovakia,2015,64.3,,
ESTAT:TEN00063(1.0),21/10/25 23:00:00,Annual,Packaging,Rate (2025 target and onwards),Slovakia,2016,65.8,,
ESTAT:TEN00063(1.0),21/10/25 23:00:00,Annual,Packaging,Rate (2025 target and onwards),Slovakia,2017,65.7,,
ESTAT:TEN00063(1.0),21/10/25 23:00:00,Annual,Packaging,Rate (2025 target and onwards),Slovakia,2018,66.6,,
ESTAT:TEN00063(1.0),21/10/25 23:00:00,Annual,Packaging,Rate (2025 target and onwards),Slovakia,2019,67.5,,
ESTAT:TEN00063(1.0),21/10/25 23:00:00,Annual,Packaging,Rate (2025 target and onwards),Slovakia,2020,70.8,d,
ESTAT:TEN00063(1.0),21/10/25 23:00:00,Annual,Packaging,Rate (2025 target and onwards),Slovakia,2021,73.9,d,
ESTAT:TEN00063(1.0),21/10/25 23:00:00,Annual,Packaging,Rate (2025 target and onwards),Slovakia,2022,71.8,d,
ESTAT:TEN00063(1.0),21/10/25 23:00:00,Annual,Packaging,Rate (2025 target and onwards),Slovakia,2023,71.9,dp,
